{"cameraMode":{"drawMode":0,"name":"Shaded","section":"Shading Mode"},"sceneLighting":true,"audioPlay":false,"sceneViewState":{"showFog":true,"showMaterialUpdate":false,"showSkybox":true,"showFlares":true,"showImageEffects":true,"showParticleSystems":true},"in2DMode":false,"pivot":{"x":-11.120564460754395,"y":29.425046920776368,"z":-8.228489875793457},"rotation":{"x":0.29717570543289187,"y":0.36131706833839419,"z":-0.12267578393220902,"w":0.875276505947113},"size":2.917835235595703,"orthographic":false}